question,answer
what is an album,An album is a collection of audio recordings released on a medium such as CDs and Vinyls. They are also released digitally which is how this chatbot functions.
what is a single,A single is a release of a song that is typically one or two tracks long. It is sometimes used to promote an upcoming album or soundtrack.
what defines tempo in music,Tempo is the speed or pace of a piece of music measured in beats per minute (BPM).
what makes a song danceable,Danceability describes how suitable a track is for dancing.
what is musical valence,Valence in music describes the emotional positiveness of a song.
what is energy in music,Energy represents a track's intensity and activity level.
what does acousticness mean,Acousticness measures how acoustic (versus electronic) a song is.
what is instrumentalness,Instrumentalness predicts whether a track contains no vocals.
what is loudness in music,Loudness is the overall volume of a track measured in decibels (dB).
what defines a key signature,A key signature in music indicates what musical key a song is in using sharps or flats.
what is time signature,Time signature shows how many beats are in each measure and what note value represents one beat like 4/4 or 3/4 time.
what is mode in music,Mode indicates whether a track is in a major or minor key.
what does BPM stand for,BPM stands for Beats Per Minute which measures tempo in music.
what makes a song explicit,A song is marked explicit if it contains strong language adult themes or other content that may not be suitable for all listeners.
what is a featured artist,A featured artist contributes to a track in addition to the main artist often providing vocals on certain parts. They're typically noted with 'feat.' or 'ft.'
what is a producer in music,A producer is the person responsible for overseeing the music production process. This role has changed over time and now includes being responsible for also creating the entire sound and structure of the song.
what is a songwriter,A songwriter is responsible for the lyrics of a song. They may or may not be the performing artist.
what is a remix,A remix is an alternative version of a song created by adding removing or changing elements of the original track.
what is a cover song,A cover is a new recording of a previously released song by a different artist potentially in a different style.
what is a studio album,A studio album contains new material recorded specifically for that release typically in a recording studio with professional equipment.
what is a live album,A live album features recordings from live performances capturing the energy and atmosphere of concerts including audience reactions.
what is a compilation album,A compilation collects tracks from various sources like greatest hits previously released songs or multiple artists.
what is an EP,An EP (Extended Play) is longer than a single but shorter than a full album typically containing 4-6 tracks.
what makes music mainstream,Mainstream music typically has broad popular appeal and receives significant radio play streaming numbers and commercial success.
what is underground music,Underground music exists outside mainstream popularity often with a dedicated niche following and less commercial exposure.
what defines alternative music,Alternative music originally described rock music outside mainstream commercial rock often with experimental or non-traditional elements.
what is sampling in music,Sampling involves using portions of existing recordings in a new piece of music often transformed or repurposed creatively.
what is mastering,Mastering is the final step in audio post-production ensuring consistent sound quality across all platforms and playback systems.
what is mixing in music,Mixing combines multiple recorded tracks adjusting levels effects and placement to create a balanced cohesive sound.
what is a hook in music,A hook is a memorable musical phrase or lyric designed to catch the listener's attention and remain in their memory. Can be a chorus or instrumental riff.